1511464225.374859,event_id_0
1511464225.374886,event_id_123456
1511464225.375564,event_id_0
1511464225.37558,event_id_123456
1511464225.376191,event_id_0
1511464225.376208,event_id_123456
1511464225.376792,event_id_0
1511464225.376807,event_id_123456
1511464225.377444,event_id_0
1511464225.377468,event_id_123456
1511464225.378235,event_id_0
1511464225.378279,event_id_123456
1511464225.379631,event_id_0
1511464225.37966,event_id_123456
1511464225.381286,event_id_0
1511464225.381319,event_id_123456
1511464225.382261,event_id_0
1511464225.382288,event_id_123456
1511464225.383264,event_id_0
1511464225.383286,event_id_123456
1511464225.384204,event_id_0
1511464225.384226,event_id_123456
1511464225.385207,event_id_0
1511464225.385235,event_id_123456
1511464225.386911,event_id_0
1511464225.38694,event_id_123456
1511464225.387862,event_id_0
1511464225.387909,event_id_123456
1511464225.388766,event_id_0
1511464225.388797,event_id_123456
1511464225.389808,event_id_0
1511464225.389828,event_id_123456
1511464225.390827,event_id_0
1511464225.390856,event_id_123456
1511464225.391853,event_id_0
1511464225.391873,event_id_123456
1511464225.392775,event_id_0
1511464225.392801,event_id_123456
1511464225.393702,event_id_0
1511464225.393732,event_id_123456
1511464225.394683,event_id_1
1511464225.394714,event_id_123456
1511464225.396602,event_id_1
1511464225.3967,event_id_123456
1511464225.399466,event_id_1
1511464225.399496,event_id_123456
1511464225.400545,event_id_1
1511464225.400575,event_id_123456
1511464225.401629,event_id_1
1511464225.401658,event_id_123456
1511464225.402552,event_id_1
1511464225.402579,event_id_123456
1511464225.403538,event_id_1
1511464225.403567,event_id_123456
1511464225.404574,event_id_1
1511464225.404603,event_id_123456
1511464225.405689,event_id_1
1511464225.405719,event_id_123456
1511464225.406909,event_id_1
1511464225.40694,event_id_123456
1511464225.407989,event_id_1
1511464225.40802,event_id_123456
1511464225.409261,event_id_1
1511464225.409293,event_id_123456
1511464225.410353,event_id_1
1511464225.410386,event_id_123456
1511464225.411523,event_id_1
1511464225.411555,event_id_123456
1511464225.413002,event_id_1
1511464225.413034,event_id_123456
1511464225.414597,event_id_1
1511464225.414634,event_id_123456
1511464225.415709,event_id_1
1511464225.41574,event_id_123456
1511464225.416848,event_id_1
1511464225.416875,event_id_123456
1511464225.417933,event_id_1
1511464225.417965,event_id_123456
1511464225.419236,event_id_1
1511464225.419262,event_id_123456
1511464225.42014,event_id_2
1511464225.420192,event_id_123456
1511464225.421247,event_id_2
1511464225.421269,event_id_123456
1511464225.422271,event_id_2
1511464225.422301,event_id_123456
1511464225.423335,event_id_2
1511464225.423364,event_id_123456
1511464225.424336,event_id_2
1511464225.424363,event_id_123456
1511464225.425319,event_id_2
1511464225.425367,event_id_123456
1511464225.426444,event_id_2
1511464225.426479,event_id_123456
1511464225.427574,event_id_2
1511464225.427608,event_id_123456
1511464225.428765,event_id_2
1511464225.428817,event_id_123456
1511464225.430631,event_id_2
1511464225.430705,event_id_123456
1511464225.431818,event_id_2
1511464225.431851,event_id_123456
1511464225.433092,event_id_2
1511464225.433195,event_id_123456
1511464225.434104,event_id_2
1511464225.43413,event_id_123456
1511464225.435071,event_id_2
1511464225.435097,event_id_123456
1511464225.436012,event_id_2
1511464225.436036,event_id_123456
1511464225.436942,event_id_2
1511464225.43697,event_id_123456
1511464225.438086,event_id_2
1511464225.438107,event_id_123456
1511464225.439044,event_id_2
1511464225.439074,event_id_123456
1511464225.440326,event_id_2
1511464225.440369,event_id_123456
1511464225.441466,event_id_2
1511464225.441498,event_id_123456
1511464225.443016,event_id_3
1511464225.443051,event_id_123456
1511464225.444383,event_id_3
1511464225.444412,event_id_123456
1511464225.445442,event_id_3
1511464225.445473,event_id_123456
1511464225.446976,event_id_3
1511464225.447021,event_id_123456
1511464225.44813,event_id_3
1511464225.44816,event_id_123456
1511464225.449239,event_id_3
1511464225.449268,event_id_123456
1511464225.450565,event_id_3
1511464225.45059,event_id_123456
1511464225.451473,event_id_3
1511464225.4515,event_id_123456
1511464225.453011,event_id_3
1511464225.453044,event_id_123456
1511464225.454739,event_id_3
1511464225.454773,event_id_123456
1511464225.455955,event_id_3
1511464225.455985,event_id_123456
1511464225.457174,event_id_3
1511464225.457202,event_id_123456
1511464225.458504,event_id_3
1511464225.458535,event_id_123456
1511464225.459578,event_id_3
1511464225.459604,event_id_123456
1511464225.460547,event_id_3
1511464225.460573,event_id_123456
1511464225.461496,event_id_3
1511464225.461529,event_id_123456
1511464225.462521,event_id_3
1511464225.462545,event_id_123456
1511464225.463456,event_id_3
1511464225.463476,event_id_123456
1511464225.464419,event_id_3
1511464225.464441,event_id_123456
1511464225.465351,event_id_3
1511464225.465377,event_id_123456
1511464225.466285,event_id_4
1511464225.466312,event_id_123456
1511464225.46723,event_id_4
1511464225.46726,event_id_123456
1511464225.468203,event_id_4
1511464225.468222,event_id_123456
1511464225.469061,event_id_4
1511464225.469092,event_id_123456
1511464225.470114,event_id_4
1511464225.470133,event_id_123456
1511464225.471071,event_id_4
1511464225.471095,event_id_123456
1511464225.471953,event_id_4
1511464225.471981,event_id_123456
1511464225.473638,event_id_4
1511464225.47366,event_id_123456
1511464225.474596,event_id_4
1511464225.47462,event_id_123456
1511464225.475563,event_id_4
1511464225.475589,event_id_123456
1511464225.476477,event_id_4
1511464225.4765,event_id_123456
1511464225.477497,event_id_4
1511464225.477516,event_id_123456
1511464225.478389,event_id_4
1511464225.478415,event_id_123456
1511464225.479991,event_id_4
1511464225.480025,event_id_123456
1511464225.481007,event_id_4
1511464225.48104,event_id_123456
1511464225.482039,event_id_4
1511464225.482061,event_id_123456
1511464225.482984,event_id_4
1511464225.483011,event_id_123456
1511464225.484068,event_id_4
1511464225.484086,event_id_123456
1511464225.484921,event_id_4
1511464225.484945,event_id_123456
1511464225.485801,event_id_4
1511464225.485827,event_id_123456
1511464225.48726,event_id_5
1511464225.487293,event_id_123456
1511464225.488555,event_id_5
1511464225.488583,event_id_123456
1511464225.489819,event_id_5
1511464225.489853,event_id_123456
1511464225.491241,event_id_5
1511464225.491271,event_id_123456
1511464225.492623,event_id_5
1511464225.492657,event_id_123456
1511464225.493967,event_id_5
1511464225.494003,event_id_123456
1511464225.495397,event_id_5
1511464225.495449,event_id_123456
1511464225.49688,event_id_5
1511464225.496913,event_id_123456
1511464225.498521,event_id_5
1511464225.498553,event_id_123456
1511464225.499777,event_id_5
1511464225.499804,event_id_123456
1511464225.500924,event_id_5
1511464225.500951,event_id_123456
1511464225.502394,event_id_5
1511464225.502444,event_id_123456
1511464225.503658,event_id_5
1511464225.503689,event_id_123456
1511464225.504916,event_id_5
1511464225.504956,event_id_123456
1511464225.506197,event_id_5
1511464225.506227,event_id_123456
1511464225.51031,event_id_5
1511464225.510334,event_id_123456
1511464225.51138,event_id_5
1511464225.511403,event_id_123456
1511464225.512405,event_id_5
1511464225.512439,event_id_123456
1511464225.514008,event_id_5
1511464225.514122,event_id_123456
1511464225.516663,event_id_5
1511464225.516694,event_id_123456
1511464225.517888,event_id_6
1511464225.517911,event_id_123456
1511464225.518759,event_id_6
1511464225.518785,event_id_123456
1511464225.519645,event_id_6
1511464225.519666,event_id_123456
1511464225.52063,event_id_6
1511464225.520658,event_id_123456
1511464225.521591,event_id_6
1511464225.521619,event_id_123456
1511464225.522472,event_id_6
1511464225.522496,event_id_123456
1511464225.523413,event_id_6
1511464225.523433,event_id_123456
1511464225.524257,event_id_6
1511464225.524283,event_id_123456
1511464225.525215,event_id_6
1511464225.525243,event_id_123456
1511464225.526166,event_id_6
1511464225.526192,event_id_123456
1511464225.527154,event_id_6
1511464225.527181,event_id_123456
1511464225.528102,event_id_6
1511464225.528132,event_id_123456
1511464225.529754,event_id_6
1511464225.529868,event_id_123456
1511464225.531637,event_id_6
1511464225.531665,event_id_123456
1511464225.532674,event_id_6
1511464225.532702,event_id_123456
1511464225.533641,event_id_6
1511464225.533668,event_id_123456
1511464225.534561,event_id_6
1511464225.534588,event_id_123456
1511464225.535458,event_id_6
1511464225.535483,event_id_123456
1511464225.536347,event_id_6
1511464225.536385,event_id_123456
1511464225.53746,event_id_6
1511464225.53749,event_id_123456
1511464225.538422,event_id_7
1511464225.538448,event_id_123456
1511464225.539282,event_id_7
1511464225.539301,event_id_123456
1511464225.540251,event_id_7
1511464225.540282,event_id_123456
1511464225.541337,event_id_7
1511464225.541358,event_id_123456
1511464225.542146,event_id_7
1511464225.542171,event_id_123456
1511464225.543178,event_id_7
1511464225.543198,event_id_123456
1511464225.544091,event_id_7
1511464225.544116,event_id_123456
1511464225.545094,event_id_7
1511464225.545113,event_id_123456
1511464225.545993,event_id_7
1511464225.546024,event_id_123456
1511464225.54706,event_id_7
1511464225.54708,event_id_123456
1511464225.548004,event_id_7
1511464225.548031,event_id_123456
1511464225.5489,event_id_7
1511464225.548925,event_id_123456
1511464225.549895,event_id_7
1511464225.54992,event_id_123456
1511464225.550819,event_id_7
1511464225.550846,event_id_123456
1511464225.551893,event_id_7
1511464225.551915,event_id_123456
1511464225.552873,event_id_7
1511464225.552897,event_id_123456
1511464225.553773,event_id_7
1511464225.553797,event_id_123456
1511464225.554666,event_id_7
1511464225.55469,event_id_123456
1511464225.555618,event_id_7
1511464225.555639,event_id_123456
1511464225.556524,event_id_7
1511464225.556549,event_id_123456
1511464225.557462,event_id_8
1511464225.557481,event_id_123456
1511464225.558342,event_id_8
1511464225.558366,event_id_123456
1511464225.559243,event_id_8
1511464225.559269,event_id_123456
1511464225.560225,event_id_8
1511464225.560252,event_id_123456
1511464225.561145,event_id_8
1511464225.561169,event_id_123456
1511464225.562095,event_id_8
1511464225.562126,event_id_123456
1511464225.563354,event_id_8
1511464225.563373,event_id_123456
1511464225.564305,event_id_8
1511464225.564327,event_id_123456
1511464225.565234,event_id_8
1511464225.565252,event_id_123456
1511464225.566156,event_id_8
1511464225.566183,event_id_123456
1511464225.567082,event_id_8
1511464225.567101,event_id_123456
1511464225.567953,event_id_8
1511464225.568062,event_id_123456
1511464225.568833,event_id_8
1511464225.568855,event_id_123456
1511464225.569749,event_id_8
1511464225.569769,event_id_123456
1511464225.570646,event_id_8
1511464225.570671,event_id_123456
1511464225.571533,event_id_8
1511464225.571552,event_id_123456
1511464225.572482,event_id_8
1511464225.5725,event_id_123456
1511464225.573469,event_id_8
1511464225.573494,event_id_123456
1511464225.574381,event_id_8
1511464225.574398,event_id_123456
1511464225.575302,event_id_8
1511464225.575329,event_id_123456
1511464225.576287,event_id_9
1511464225.576306,event_id_123456
1511464225.577157,event_id_9
1511464225.577176,event_id_123456
1511464225.578084,event_id_9
1511464225.57811,event_id_123456
1511464225.57935,event_id_9
1511464225.579381,event_id_123456
1511464225.580515,event_id_9
1511464225.580541,event_id_123456
1511464225.581509,event_id_9
1511464225.581534,event_id_123456
1511464225.58242,event_id_9
1511464225.582447,event_id_123456
1511464225.58335,event_id_9
1511464225.583374,event_id_123456
1511464225.584216,event_id_9
1511464225.58424,event_id_123456
1511464225.585247,event_id_9
1511464225.585278,event_id_123456
1511464225.58614,event_id_9
1511464225.586165,event_id_123456
1511464225.587081,event_id_9
1511464225.587101,event_id_123456
1511464225.58812,event_id_9
1511464225.588146,event_id_123456
1511464225.589087,event_id_9
1511464225.589106,event_id_123456
1511464225.590043,event_id_9
1511464225.590064,event_id_123456
1511464225.590921,event_id_9
1511464225.590944,event_id_123456
1511464225.591814,event_id_9
1511464225.591841,event_id_123456
1511464225.593263,event_id_9
1511464225.593291,event_id_123456
1511464225.594209,event_id_9
1511464225.594235,event_id_123456
1511464225.595225,event_id_9
1511464225.595254,event_id_123456
1511464225.596687,event_id_10
1511464225.59671,event_id_123456
1511464225.59771,event_id_10
1511464225.597737,event_id_123456
1511464225.598687,event_id_10
1511464225.598711,event_id_123456
1511464225.599616,event_id_10
1511464225.599642,event_id_123456
1511464225.600589,event_id_10
1511464225.600609,event_id_123456
1511464225.60151,event_id_10
1511464225.601529,event_id_123456
1511464225.602435,event_id_10
1511464225.602464,event_id_123456
1511464225.603357,event_id_10
1511464225.603382,event_id_123456
1511464225.604266,event_id_10
1511464225.604285,event_id_123456
1511464225.605223,event_id_10
1511464225.60525,event_id_123456
1511464225.60621,event_id_10
1511464225.606236,event_id_123456
1511464225.607165,event_id_10
1511464225.607188,event_id_123456
1511464225.608075,event_id_10
1511464225.608101,event_id_123456
1511464225.609004,event_id_10
1511464225.609036,event_id_123456
1511464225.610017,event_id_10
1511464225.610041,event_id_123456
1511464225.610989,event_id_10
1511464225.611009,event_id_123456
1511464225.611933,event_id_10
1511464225.611954,event_id_123456
1511464225.612897,event_id_10
1511464225.612922,event_id_123456
1511464225.61385,event_id_10
1511464225.613875,event_id_123456
1511464225.614876,event_id_10
1511464225.614904,event_id_123456
1511464225.615795,event_id_11
1511464225.615821,event_id_123456
1511464225.61677,event_id_11
1511464225.616795,event_id_123456
1511464225.617827,event_id_11
1511464225.617845,event_id_123456
1511464225.618635,event_id_11
1511464225.61866,event_id_123456
1511464225.619693,event_id_11
1511464225.619719,event_id_123456
1511464225.620727,event_id_11
1511464225.620754,event_id_123456
1511464225.621664,event_id_11
1511464225.621687,event_id_123456
1511464225.622617,event_id_11
1511464225.622641,event_id_123456
1511464225.623555,event_id_11
1511464225.623579,event_id_123456
1511464225.624578,event_id_11
1511464225.624596,event_id_123456
1511464225.625495,event_id_11
1511464225.625519,event_id_123456
1511464225.626445,event_id_11
1511464225.62647,event_id_123456
1511464225.627319,event_id_11
1511464225.627344,event_id_123456
1511464225.628263,event_id_11
1511464225.6283,event_id_123456
1511464225.629144,event_id_11
1511464225.629161,event_id_123456
1511464225.63006,event_id_11
1511464225.630083,event_id_123456
1511464225.630934,event_id_11
1511464225.630957,event_id_123456
1511464225.631804,event_id_11
1511464225.631822,event_id_123456
1511464225.63272,event_id_11
1511464225.632745,event_id_123456
1511464225.633542,event_id_11
1511464225.633568,event_id_123456
1511464225.634481,event_id_12
1511464225.634507,event_id_123456
1511464225.635385,event_id_12
1511464225.63553,event_id_123456
1511464225.636292,event_id_12
1511464225.636319,event_id_123456
1511464225.63718,event_id_12
1511464225.637209,event_id_123456
1511464225.638097,event_id_12
1511464225.638124,event_id_123456
1511464225.639179,event_id_12
1511464225.639207,event_id_123456
1511464225.640113,event_id_12
1511464225.640139,event_id_123456
1511464225.640959,event_id_12
1511464225.64098,event_id_123456
1511464225.641996,event_id_12
1511464225.642026,event_id_123456
1511464225.642991,event_id_12
1511464225.643016,event_id_123456
1511464225.643979,event_id_12
1511464225.644005,event_id_123456
1511464225.644908,event_id_12
1511464225.644927,event_id_123456
1511464225.645806,event_id_12
1511464225.64583,event_id_123456
1511464225.646706,event_id_12
1511464225.646724,event_id_123456
1511464225.647594,event_id_12
1511464225.647619,event_id_123456
1511464225.648514,event_id_12
1511464225.648539,event_id_123456
1511464225.649432,event_id_12
1511464225.64945,event_id_123456
1511464225.650302,event_id_12
1511464225.650328,event_id_123456
1511464225.651248,event_id_12
1511464225.651272,event_id_123456
1511464225.652181,event_id_12
1511464225.65222,event_id_123456
1511464225.653503,event_id_13
1511464225.653531,event_id_123456
1511464225.654409,event_id_13
1511464225.654436,event_id_123456
1511464225.655395,event_id_13
1511464225.655412,event_id_123456
1511464225.656337,event_id_13
1511464225.656364,event_id_123456
1511464225.657258,event_id_13
1511464225.657277,event_id_123456
1511464225.658222,event_id_13
1511464225.658248,event_id_123456
1511464225.65921,event_id_13
1511464225.659229,event_id_123456
1511464225.660126,event_id_13
1511464225.66015,event_id_123456
1511464225.660996,event_id_13
1511464225.66102,event_id_123456
1511464225.661914,event_id_13
1511464225.661942,event_id_123456
1511464225.663304,event_id_13
1511464225.663339,event_id_123456
1511464225.664396,event_id_13
1511464225.664423,event_id_123456
1511464225.665375,event_id_13
1511464225.665398,event_id_123456
1511464225.666342,event_id_13
1511464225.666361,event_id_123456
1511464225.667334,event_id_13
1511464225.66736,event_id_123456
1511464225.668295,event_id_13
1511464225.668319,event_id_123456
1511464225.669207,event_id_13
1511464225.669231,event_id_123456
1511464225.670184,event_id_13
1511464225.670203,event_id_123456
1511464225.671107,event_id_13
1511464225.671132,event_id_123456
1511464225.672067,event_id_13
1511464225.672086,event_id_123456
1511464225.673005,event_id_14
1511464225.673029,event_id_123456
1511464225.674012,event_id_14
1511464225.674037,event_id_123456
1511464225.674941,event_id_14
1511464225.674958,event_id_123456
1511464225.675907,event_id_14
1511464225.675932,event_id_123456
1511464225.676829,event_id_14
1511464225.676856,event_id_123456
1511464225.677806,event_id_14
1511464225.677833,event_id_123456
1511464225.678764,event_id_14
1511464225.678789,event_id_123456
1511464225.679699,event_id_14
1511464225.679724,event_id_123456
1511464225.680677,event_id_14
1511464225.680696,event_id_123456
1511464225.681655,event_id_14
1511464225.681682,event_id_123456
1511464225.682946,event_id_14
1511464225.682982,event_id_123456
1511464225.683986,event_id_14
1511464225.684096,event_id_123456
1511464225.684945,event_id_14
1511464225.684962,event_id_123456
1511464225.685801,event_id_14
1511464225.685825,event_id_123456
1511464225.686876,event_id_14
1511464225.686896,event_id_123456
1511464225.68782,event_id_14
1511464225.687846,event_id_123456
1511464225.688834,event_id_14
1511464225.688853,event_id_123456
1511464225.689762,event_id_14
1511464225.689794,event_id_123456
1511464225.690732,event_id_14
1511464225.690755,event_id_123456
1511464225.691662,event_id_14
1511464225.691688,event_id_123456
1511464225.692634,event_id_15
1511464225.69266,event_id_123456
1511464225.693579,event_id_15
1511464225.693597,event_id_123456
1511464225.694475,event_id_15
1511464225.6945,event_id_123456
1511464225.695557,event_id_15
1511464225.695589,event_id_123456
1511464225.696928,event_id_15
1511464225.696963,event_id_123456
1511464225.697956,event_id_15
1511464225.697994,event_id_123456
1511464225.698919,event_id_15
1511464225.698945,event_id_123456
1511464225.699917,event_id_15
1511464225.699944,event_id_123456
1511464225.700877,event_id_15
1511464225.700902,event_id_123456
1511464225.701841,event_id_15
1511464225.701868,event_id_123456
1511464225.702774,event_id_15
1511464225.702799,event_id_123456
1511464225.703766,event_id_15
1511464225.703785,event_id_123456
1511464225.704748,event_id_15
1511464225.704776,event_id_123456
1511464225.705695,event_id_15
1511464225.70573,event_id_123456
1511464225.706653,event_id_15
1511464225.70668,event_id_123456
1511464225.707633,event_id_15
1511464225.707661,event_id_123456
1511464225.708528,event_id_15
1511464225.708553,event_id_123456
1511464225.709594,event_id_15
1511464225.709622,event_id_123456
1511464225.7106,event_id_15
1511464225.710632,event_id_123456
1511464225.711588,event_id_15
1511464225.711618,event_id_123456
1511464225.712901,event_id_16
1511464225.712924,event_id_123456
1511464225.713981,event_id_16
1511464225.714007,event_id_123456
1511464225.714955,event_id_16
1511464225.714983,event_id_123456
1511464225.715914,event_id_16
1511464225.715941,event_id_123456
1511464225.7169,event_id_16
1511464225.716931,event_id_123456
1511464225.718047,event_id_16
1511464225.718076,event_id_123456
1511464225.719328,event_id_16
1511464225.719348,event_id_123456
1511464225.720259,event_id_16
1511464225.720277,event_id_123456
1511464225.721139,event_id_16
1511464225.721164,event_id_123456
1511464225.722285,event_id_16
1511464225.722313,event_id_123456
1511464225.723548,event_id_16
1511464225.723569,event_id_123456
1511464225.725529,event_id_16
1511464225.725555,event_id_123456
1511464225.72718,event_id_16
1511464225.727207,event_id_123456
1511464225.729274,event_id_16
1511464225.729344,event_id_123456
1511464225.73024,event_id_16
1511464225.730259,event_id_123456
1511464225.731136,event_id_16
1511464225.73117,event_id_123456
1511464225.732362,event_id_16
1511464225.732409,event_id_123456
1511464225.733335,event_id_16
1511464225.733353,event_id_123456
1511464225.734217,event_id_16
1511464225.734233,event_id_123456
1511464225.735102,event_id_16
1511464225.735127,event_id_123456
1511464225.73606,event_id_17
1511464225.736085,event_id_123456
1511464225.736986,event_id_17
1511464225.737009,event_id_123456
1511464225.737964,event_id_17
1511464225.737984,event_id_123456
1511464225.738918,event_id_17
1511464225.738936,event_id_123456
1511464225.739849,event_id_17
1511464225.739873,event_id_123456
1511464225.740794,event_id_17
1511464225.740817,event_id_123456
1511464225.741808,event_id_17
1511464225.741835,event_id_123456
1511464225.742818,event_id_17
1511464225.742844,event_id_123456
1511464225.743742,event_id_17
1511464225.743767,event_id_123456
1511464225.744729,event_id_17
1511464225.744757,event_id_123456
1511464225.74563,event_id_17
1511464225.745664,event_id_123456
1511464225.746656,event_id_17
1511464225.746676,event_id_123456
1511464225.747606,event_id_17
1511464225.747634,event_id_123456
1511464225.748611,event_id_17
1511464225.748635,event_id_123456
1511464225.749502,event_id_17
1511464225.74953,event_id_123456
1511464225.750519,event_id_17
1511464225.750547,event_id_123456
1511464225.751653,event_id_17
1511464225.751674,event_id_123456
1511464225.752549,event_id_17
1511464225.752575,event_id_123456
1511464225.753401,event_id_17
1511464225.753432,event_id_123456
1511464225.754309,event_id_17
1511464225.754337,event_id_123456
1511464225.75527,event_id_18
1511464225.755298,event_id_123456
1511464225.756172,event_id_18
1511464225.756192,event_id_123456
1511464225.75711,event_id_18
1511464225.757138,event_id_123456
1511464225.757991,event_id_18
1511464225.758032,event_id_123456
1511464225.758997,event_id_18
1511464225.759019,event_id_123456
1511464225.759924,event_id_18
1511464225.75995,event_id_123456
1511464225.760877,event_id_18
1511464225.760901,event_id_123456
1511464225.761825,event_id_18
1511464225.761847,event_id_123456
1511464225.76279,event_id_18
1511464225.762816,event_id_123456
1511464225.763752,event_id_18
1511464225.763782,event_id_123456
1511464225.764632,event_id_18
1511464225.764652,event_id_123456
1511464225.765606,event_id_18
1511464225.765637,event_id_123456
1511464225.766798,event_id_18
1511464225.766834,event_id_123456
1511464225.767841,event_id_18
1511464225.767861,event_id_123456
1511464225.768696,event_id_18
1511464225.768713,event_id_123456
1511464225.769635,event_id_18
1511464225.769661,event_id_123456
1511464225.770583,event_id_18
1511464225.770603,event_id_123456
1511464225.771487,event_id_18
1511464225.771516,event_id_123456
1511464225.772824,event_id_18
1511464225.772856,event_id_123456
1511464225.773735,event_id_18
1511464225.77376,event_id_123456
1511464225.774711,event_id_19
1511464225.77473,event_id_123456
1511464225.77568,event_id_19
1511464225.77571,event_id_123456
1511464225.776784,event_id_19
1511464225.776815,event_id_123456
1511464225.777844,event_id_19
1511464225.777867,event_id_123456
1511464225.778822,event_id_19
1511464225.778848,event_id_123456
1511464225.77975,event_id_19
1511464225.779781,event_id_123456
1511464225.781262,event_id_19
1511464225.781287,event_id_123456
1511464225.78218,event_id_19
1511464225.782208,event_id_123456
1511464225.783267,event_id_19
1511464225.783287,event_id_123456
1511464225.784177,event_id_19
1511464225.784206,event_id_123456
1511464225.785213,event_id_19
1511464225.785233,event_id_123456
1511464225.786022,event_id_19
1511464225.786047,event_id_123456
1511464225.787063,event_id_19
1511464225.787087,event_id_123456
1511464225.788058,event_id_19
1511464225.788084,event_id_123456
1511464225.789129,event_id_19
1511464225.789151,event_id_123456
1511464225.790095,event_id_19
1511464225.790122,event_id_123456
1511464225.791202,event_id_19
1511464225.791221,event_id_123456
1511464225.792041,event_id_19
1511464225.792072,event_id_123456
1511464225.793186,event_id_19
1511464225.793206,event_id_123456
1511464225.794155,event_id_19
1511464225.794183,event_id_123456
1511464225.795211,event_id_20
1511464225.79524,event_id_123456
1511464225.796171,event_id_20
1511464225.796191,event_id_123456
1511464225.797161,event_id_20
1511464225.797194,event_id_123456
1511464225.798155,event_id_20
1511464225.798175,event_id_123456
1511464225.799107,event_id_20
1511464225.799137,event_id_123456
1511464225.800035,event_id_20
1511464225.800062,event_id_123456
1511464225.801003,event_id_20
1511464225.801031,event_id_123456
1511464225.802016,event_id_20
1511464225.802044,event_id_123456
1511464225.803296,event_id_20
1511464225.803318,event_id_123456
1511464225.804321,event_id_20
1511464225.804342,event_id_123456
1511464225.805196,event_id_20
1511464225.805219,event_id_123456
1511464225.806103,event_id_20
1511464225.806131,event_id_123456
1511464225.807119,event_id_20
1511464225.807147,event_id_123456
1511464225.808037,event_id_20
1511464225.808061,event_id_123456
1511464225.808969,event_id_20
1511464225.808996,event_id_123456
1511464225.809864,event_id_20
1511464225.80989,event_id_123456
1511464225.810818,event_id_20
1511464225.81084,event_id_123456
1511464225.811657,event_id_20
1511464225.811685,event_id_123456
1511464225.812743,event_id_20
1511464225.812788,event_id_123456
1511464225.814051,event_id_20
1511464225.814083,event_id_123456
1511464225.815067,event_id_21
1511464225.815094,event_id_123456
1511464225.816054,event_id_21
1511464225.81608,event_id_123456
1511464225.816947,event_id_21
1511464225.816973,event_id_123456
1511464225.817878,event_id_21
1511464225.817904,event_id_123456
1511464225.818867,event_id_21
1511464225.818891,event_id_123456
1511464225.819731,event_id_21
1511464225.81976,event_id_123456
1511464225.820672,event_id_21
1511464225.820701,event_id_123456
1511464225.821651,event_id_21
1511464225.821677,event_id_123456
1511464225.822599,event_id_21
1511464225.822627,event_id_123456
1511464225.823676,event_id_21
1511464225.823696,event_id_123456
1511464225.824613,event_id_21
1511464225.82464,event_id_123456
1511464225.825566,event_id_21
1511464225.825593,event_id_123456
1511464225.826423,event_id_21
1511464225.826449,event_id_123456
1511464225.827372,event_id_21
1511464225.827403,event_id_123456
1511464225.82834,event_id_21
1511464225.828371,event_id_123456
1511464225.829303,event_id_21
1511464225.829331,event_id_123456
1511464225.830254,event_id_21
1511464225.83029,event_id_123456
1511464225.831196,event_id_21
1511464225.831224,event_id_123456
1511464225.832211,event_id_21
1511464225.83224,event_id_123456
1511464225.833239,event_id_21
1511464225.833268,event_id_123456
1511464225.834134,event_id_22
1511464225.834159,event_id_123456
1511464225.835204,event_id_22
1511464225.835232,event_id_123456
1511464225.836162,event_id_22
1511464225.83618,event_id_123456
1511464225.837097,event_id_22
1511464225.837127,event_id_123456
1511464225.838278,event_id_22
1511464225.8383,event_id_123456
1511464225.839206,event_id_22
1511464225.839234,event_id_123456
1511464225.840229,event_id_22
1511464225.84025,event_id_123456
1511464225.841116,event_id_22
1511464225.841142,event_id_123456
1511464225.842222,event_id_22
1511464225.842242,event_id_123456
1511464225.8432,event_id_22
1511464225.843226,event_id_123456
1511464225.844229,event_id_22
1511464225.844249,event_id_123456
1511464225.845105,event_id_22
1511464225.845135,event_id_123456
1511464225.846079,event_id_22
1511464225.8461,event_id_123456
1511464225.847025,event_id_22
1511464225.847053,event_id_123456
1511464225.848066,event_id_22
1511464225.848094,event_id_123456
1511464225.849012,event_id_22
1511464225.849039,event_id_123456
1511464225.849907,event_id_22
1511464225.849932,event_id_123456
1511464225.850903,event_id_22
1511464225.850968,event_id_123456
1511464225.851781,event_id_22
1511464225.851808,event_id_123456
1511464225.852788,event_id_22
1511464225.852813,event_id_123456
1511464225.853751,event_id_23
1511464225.853777,event_id_123456
1511464225.854664,event_id_23
1511464225.854688,event_id_123456
1511464225.85561,event_id_23
1511464225.855636,event_id_123456
1511464225.856602,event_id_23
1511464225.856622,event_id_123456
1511464225.857533,event_id_23
1511464225.857562,event_id_123456
1511464225.858482,event_id_23
1511464225.858508,event_id_123456
1511464225.859374,event_id_23
1511464225.8594,event_id_123456
1511464225.860349,event_id_23
1511464225.860376,event_id_123456
1511464225.861288,event_id_23
1511464225.861314,event_id_123456
1511464225.862345,event_id_23
1511464225.862375,event_id_123456
1511464225.863457,event_id_23
1511464225.863486,event_id_123456
1511464225.86448,event_id_23
1511464225.864507,event_id_123456
1511464225.865404,event_id_23
1511464225.865431,event_id_123456
1511464225.86634,event_id_23
1511464225.866367,event_id_123456
1511464225.86728,event_id_23
1511464225.867308,event_id_123456
1511464225.868216,event_id_23
1511464225.868243,event_id_123456
1511464225.869115,event_id_23
1511464225.86914,event_id_123456
1511464225.869995,event_id_23
1511464225.87002,event_id_123456
1511464225.870979,event_id_23
1511464225.871004,event_id_123456
1511464225.871989,event_id_23
1511464225.872016,event_id_123456
1511464225.872924,event_id_24
1511464225.87295,event_id_123456
1511464225.87389,event_id_24
1511464225.873915,event_id_123456
1511464225.874842,event_id_24
1511464225.874861,event_id_123456
1511464225.875753,event_id_24
1511464225.875783,event_id_123456
1511464225.876689,event_id_24
1511464225.876717,event_id_123456
1511464225.877651,event_id_24
1511464225.877677,event_id_123456
1511464225.878563,event_id_24
1511464225.878591,event_id_123456
1511464225.879473,event_id_24
1511464225.879502,event_id_123456
1511464225.881027,event_id_24
1511464225.881058,event_id_123456
1511464225.882043,event_id_24
1511464225.882071,event_id_123456
1511464225.883032,event_id_24
1511464225.883058,event_id_123456
1511464225.883985,event_id_24
1511464225.884012,event_id_123456
1511464225.884896,event_id_24
1511464225.884922,event_id_123456
1511464225.885853,event_id_24
1511464225.885881,event_id_123456
1511464225.886817,event_id_24
1511464225.886844,event_id_123456
1511464225.887705,event_id_24
1511464225.88773,event_id_123456
1511464225.888696,event_id_24
1511464225.888724,event_id_123456
1511464225.889689,event_id_24
1511464225.889716,event_id_123456
1511464225.890623,event_id_24
1511464225.890649,event_id_123456
1511464225.891635,event_id_24
1511464225.891666,event_id_123456
1511464225.892794,event_id_25
1511464225.892826,event_id_123456
1511464225.893811,event_id_25
1511464225.893838,event_id_123456
1511464225.894803,event_id_25
1511464225.89483,event_id_123456
1511464225.89594,event_id_25
1511464225.895998,event_id_123456
1511464225.89732,event_id_25
1511464225.897342,event_id_123456
1511464225.89827,event_id_25
1511464225.898298,event_id_123456
1511464225.899171,event_id_25
1511464225.8992,event_id_123456
1511464225.900244,event_id_25
1511464225.900265,event_id_123456
1511464225.901173,event_id_25
1511464225.901202,event_id_123456
1511464225.902146,event_id_25
1511464225.902169,event_id_123456
1511464225.903069,event_id_25
1511464225.903099,event_id_123456
1511464225.904053,event_id_25
1511464225.90408,event_id_123456
1511464225.905156,event_id_25
1511464225.905185,event_id_123456
1511464225.906316,event_id_25
1511464225.906351,event_id_123456
1511464225.907301,event_id_25
1511464225.907327,event_id_123456
1511464225.908323,event_id_25
1511464225.908349,event_id_123456
1511464225.909292,event_id_25
1511464225.909316,event_id_123456
1511464225.910273,event_id_25
1511464225.910291,event_id_123456
1511464225.911093,event_id_25
1511464225.911119,event_id_123456
1511464225.912104,event_id_25
1511464225.912132,event_id_123456
1511464225.913088,event_id_26
1511464225.913121,event_id_123456
1511464225.914214,event_id_26
1511464225.914243,event_id_123456
1511464225.91531,event_id_26
1511464225.915341,event_id_123456
1511464225.916552,event_id_26
1511464225.916575,event_id_123456
1511464225.917404,event_id_26
1511464225.917422,event_id_123456
1511464225.918276,event_id_26
1511464225.918293,event_id_123456
1511464225.919179,event_id_26
1511464225.919205,event_id_123456
1511464225.920204,event_id_26
1511464225.920233,event_id_123456
1511464225.921087,event_id_26
1511464225.921115,event_id_123456
1511464225.922103,event_id_26
1511464225.922133,event_id_123456
1511464225.923418,event_id_26
1511464225.92345,event_id_123456
1511464225.924343,event_id_26
1511464225.924371,event_id_123456
1511464225.925256,event_id_26
1511464225.925283,event_id_123456
1511464225.926203,event_id_26
1511464225.926231,event_id_123456
1511464225.927177,event_id_26
1511464225.927204,event_id_123456
1511464225.92815,event_id_26
1511464225.928177,event_id_123456
1511464225.929113,event_id_26
1511464225.929142,event_id_123456
1511464225.930521,event_id_26
1511464225.930554,event_id_123456
1511464225.931515,event_id_26
1511464225.931536,event_id_123456
1511464225.932478,event_id_26
1511464225.932507,event_id_123456
1511464225.93353,event_id_27
1511464225.933557,event_id_123456
1511464225.934461,event_id_27
1511464225.934486,event_id_123456
1511464225.935402,event_id_27
1511464225.935431,event_id_123456
1511464225.936349,event_id_27
1511464225.936378,event_id_123456
1511464225.937277,event_id_27
1511464225.937298,event_id_123456
1511464225.938244,event_id_27
1511464225.938272,event_id_123456
1511464225.939183,event_id_27
1511464225.939212,event_id_123456
1511464225.940145,event_id_27
1511464225.940172,event_id_123456
1511464225.941126,event_id_27
1511464225.941155,event_id_123456
1511464225.941999,event_id_27
1511464225.942025,event_id_123456
1511464225.943244,event_id_27
1511464225.943271,event_id_123456
1511464225.9449,event_id_27
1511464225.944929,event_id_123456
1511464225.946026,event_id_27
1511464225.946047,event_id_123456
1511464225.946928,event_id_27
1511464225.946951,event_id_123456
1511464225.947936,event_id_27
1511464225.947961,event_id_123456
1511464225.948939,event_id_27
1511464225.948958,event_id_123456
1511464225.949803,event_id_27
1511464225.949826,event_id_123456
1511464225.950884,event_id_27
1511464225.950911,event_id_123456
1511464225.951829,event_id_27
1511464225.951849,event_id_123456
1511464225.952746,event_id_27
1511464225.952771,event_id_123456
1511464225.953995,event_id_28
1511464225.954016,event_id_123456
1511464225.954901,event_id_28
1511464225.95492,event_id_123456
1511464225.955807,event_id_28
1511464225.955833,event_id_123456
1511464225.956774,event_id_28
1511464225.956797,event_id_123456
1511464225.95773,event_id_28
1511464225.9579,event_id_123456
1511464225.958634,event_id_28
1511464225.958661,event_id_123456
1511464225.959601,event_id_28
1511464225.959622,event_id_123456
1511464225.960519,event_id_28
1511464225.960546,event_id_123456
1511464225.961557,event_id_28
1511464225.961576,event_id_123456
1511464225.962437,event_id_28
1511464225.962463,event_id_123456
1511464225.963449,event_id_28
1511464225.963489,event_id_123456
1511464225.964329,event_id_28
1511464225.964354,event_id_123456
1511464225.965283,event_id_28
1511464225.96531,event_id_123456
1511464225.966191,event_id_28
1511464225.96621,event_id_123456
1511464225.967084,event_id_28
1511464225.967114,event_id_123456
1511464225.968055,event_id_28
1511464225.968082,event_id_123456
1511464225.969014,event_id_28
1511464225.96904,event_id_123456
1511464225.969945,event_id_28
1511464225.969972,event_id_123456
1511464225.970867,event_id_28
1511464225.970888,event_id_123456
1511464225.971759,event_id_28
1511464225.971785,event_id_123456
1511464225.972722,event_id_29
1511464225.972748,event_id_123456
1511464225.973641,event_id_29
1511464225.973672,event_id_123456
1511464225.974605,event_id_29
1511464225.974634,event_id_123456
1511464225.975517,event_id_29
1511464225.975543,event_id_123456
1511464225.976427,event_id_29
1511464225.976457,event_id_123456
1511464225.977507,event_id_29
1511464225.977527,event_id_123456
1511464225.978533,event_id_29
1511464225.978561,event_id_123456
1511464225.979435,event_id_29
1511464225.979469,event_id_123456
1511464225.980597,event_id_29
1511464225.980617,event_id_123456
1511464225.981553,event_id_29
1511464225.981576,event_id_123456
1511464225.982685,event_id_29
1511464225.982707,event_id_123456
1511464225.98366,event_id_29
1511464225.983681,event_id_123456
1511464225.98455,event_id_29
1511464225.984578,event_id_123456
1511464225.98565,event_id_29
1511464225.98568,event_id_123456
1511464225.986649,event_id_29
1511464225.986685,event_id_123456
1511464225.987633,event_id_29
1511464225.987651,event_id_123456
1511464225.988579,event_id_29
1511464225.988605,event_id_123456
1511464225.989521,event_id_29
1511464225.989544,event_id_123456
1511464225.990474,event_id_29
1511464225.9905,event_id_123456
1511464225.99137,event_id_29
1511464225.991397,event_id_123456
1511464225.992363,event_id_30
1511464225.992388,event_id_123456
1511464225.993381,event_id_30
1511464225.993407,event_id_123456
1511464225.994296,event_id_30
1511464225.994317,event_id_123456
1511464225.99523,event_id_30
1511464225.995257,event_id_123456
1511464225.996149,event_id_30
1511464225.996178,event_id_123456
1511464225.997478,event_id_30
1511464225.997513,event_id_123456
1511464225.99862,event_id_30
1511464225.998658,event_id_123456
1511464225.999703,event_id_30
1511464225.999724,event_id_123456
1511464226.000521,event_id_30
1511464226.000547,event_id_123456
1511464226.001551,event_id_30
1511464226.001572,event_id_123456
1511464226.002555,event_id_30
1511464226.002588,event_id_123456
1511464226.003471,event_id_30
1511464226.003492,event_id_123456
1511464226.004393,event_id_30
1511464226.004421,event_id_123456
1511464226.005371,event_id_30
1511464226.005404,event_id_123456
1511464226.006319,event_id_30
1511464226.006341,event_id_123456
1511464226.007244,event_id_30
1511464226.007273,event_id_123456
1511464226.008212,event_id_30
1511464226.008232,event_id_123456
1511464226.009165,event_id_30
1511464226.009193,event_id_123456
1511464226.010099,event_id_30
1511464226.010136,event_id_123456
1511464226.01104,event_id_30
1511464226.011068,event_id_123456
1511464226.012073,event_id_31
1511464226.012102,event_id_123456
1511464226.013374,event_id_31
1511464226.013415,event_id_123456
1511464226.014328,event_id_31
1511464226.014355,event_id_123456
1511464226.015292,event_id_31
1511464226.01532,event_id_123456
1511464226.0163,event_id_31
1511464226.016328,event_id_123456
1511464226.017288,event_id_31
1511464226.017316,event_id_123456
1511464226.018248,event_id_31
1511464226.018271,event_id_123456
1511464226.019139,event_id_31
1511464226.019163,event_id_123456
1511464226.020071,event_id_31
1511464226.020091,event_id_123456
1511464226.021055,event_id_31
1511464226.021083,event_id_123456
1511464226.021948,event_id_31
1511464226.021975,event_id_123456
1511464226.022989,event_id_31
1511464226.023021,event_id_123456
1511464226.023939,event_id_31
1511464226.02396,event_id_123456
1511464226.024913,event_id_31
1511464226.024932,event_id_123456
1511464226.025736,event_id_31
1511464226.025755,event_id_123456
1511464226.026692,event_id_31
1511464226.026711,event_id_123456
1511464226.027691,event_id_31
1511464226.027717,event_id_123456
1511464226.028721,event_id_31
1511464226.028751,event_id_123456
1511464226.030091,event_id_31
1511464226.030114,event_id_123456
1511464226.031104,event_id_31
1511464226.031133,event_id_123456
1511464226.032103,event_id_32
1511464226.032123,event_id_123456
1511464226.033102,event_id_32
1511464226.03313,event_id_123456
1511464226.034034,event_id_32
1511464226.034059,event_id_123456
1511464226.034946,event_id_32
1511464226.034966,event_id_123456
1511464226.035889,event_id_32
1511464226.035915,event_id_123456
1511464226.036843,event_id_32
1511464226.036863,event_id_123456
1511464226.037759,event_id_32
1511464226.03779,event_id_123456
1511464226.038893,event_id_32
1511464226.038975,event_id_123456
1511464226.039909,event_id_32
1511464226.039935,event_id_123456
1511464226.041718,event_id_32
1511464226.041749,event_id_123456
1511464226.042691,event_id_32
1511464226.042716,event_id_123456
1511464226.043818,event_id_32
1511464226.043844,event_id_123456
1511464226.044862,event_id_32
1511464226.044889,event_id_123456
1511464226.047145,event_id_32
1511464226.047177,event_id_123456
1511464226.048102,event_id_32
1511464226.048122,event_id_123456
1511464226.049129,event_id_32
1511464226.049155,event_id_123456
1511464226.05009,event_id_32
1511464226.050118,event_id_123456
1511464226.051009,event_id_32
1511464226.051029,event_id_123456
1511464226.051895,event_id_32
1511464226.051923,event_id_123456
1511464226.05295,event_id_32
1511464226.052971,event_id_123456
1511464226.053898,event_id_33
1511464226.053921,event_id_123456
1511464226.054835,event_id_33
1511464226.054864,event_id_123456
1511464226.055767,event_id_33
1511464226.055794,event_id_123456
1511464226.056853,event_id_33
1511464226.056882,event_id_123456
1511464226.057881,event_id_33
1511464226.057899,event_id_123456
1511464226.05879,event_id_33
1511464226.058819,event_id_123456
1511464226.060247,event_id_33
1511464226.060313,event_id_123456
1511464226.061288,event_id_33
1511464226.061319,event_id_123456
1511464226.06253,event_id_33
1511464226.062553,event_id_123456
1511464226.06338,event_id_33
1511464226.063397,event_id_123456
1511464226.064317,event_id_33
1511464226.064348,event_id_123456
1511464226.065283,event_id_33
1511464226.065309,event_id_123456
1511464226.066427,event_id_33
1511464226.066466,event_id_123456
1511464226.067509,event_id_33
1511464226.067529,event_id_123456
1511464226.0684,event_id_33
1511464226.068418,event_id_123456
1511464226.069308,event_id_33
1511464226.069327,event_id_123456
1511464226.070304,event_id_33
1511464226.070332,event_id_123456
1511464226.071258,event_id_33
1511464226.071286,event_id_123456
1511464226.072223,event_id_33
1511464226.07225,event_id_123456
1511464226.073218,event_id_33
1511464226.073248,event_id_123456
1511464226.074212,event_id_34
1511464226.07424,event_id_123456
1511464226.075128,event_id_34
1511464226.075155,event_id_123456
1511464226.076131,event_id_34
1511464226.076157,event_id_123456
1511464226.077134,event_id_34
1511464226.077161,event_id_123456
1511464226.078065,event_id_34
1511464226.078086,event_id_123456
1511464226.07896,event_id_34
1511464226.078985,event_id_123456
1511464226.079873,event_id_34
1511464226.079898,event_id_123456
1511464226.080849,event_id_34
1511464226.080876,event_id_123456
1511464226.081761,event_id_34
1511464226.081787,event_id_123456
1511464226.082705,event_id_34
1511464226.082732,event_id_123456
1511464226.083735,event_id_34
1511464226.083763,event_id_123456
1511464226.084701,event_id_34
1511464226.08473,event_id_123456
1511464226.085615,event_id_34
1511464226.08564,event_id_123456
1511464226.086522,event_id_34
1511464226.086542,event_id_123456
1511464226.087351,event_id_34
1511464226.087379,event_id_123456
1511464226.088279,event_id_34
1511464226.088306,event_id_123456
1511464226.089205,event_id_34
1511464226.089231,event_id_123456
1511464226.090133,event_id_34
1511464226.090158,event_id_123456
1511464226.091068,event_id_34
1511464226.091094,event_id_123456
1511464226.092006,event_id_34
1511464226.092033,event_id_123456
1511464226.092959,event_id_35
1511464226.093066,event_id_123456
1511464226.093901,event_id_35
1511464226.093926,event_id_123456
1511464226.094758,event_id_35
1511464226.094783,event_id_123456
1511464226.095778,event_id_35
1511464226.095799,event_id_123456
1511464226.096751,event_id_35
1511464226.096779,event_id_123456
1511464226.097682,event_id_35
1511464226.09771,event_id_123456
1511464226.098645,event_id_35
1511464226.098684,event_id_123456
1511464226.099524,event_id_35
1511464226.099551,event_id_123456
1511464226.100455,event_id_35
1511464226.100481,event_id_123456
1511464226.101325,event_id_35
1511464226.101344,event_id_123456
1511464226.102409,event_id_35
1511464226.102437,event_id_123456
1511464226.103491,event_id_35
1511464226.103518,event_id_123456
1511464226.104352,event_id_35
1511464226.104379,event_id_123456
1511464226.105268,event_id_35
1511464226.105296,event_id_123456
1511464226.106175,event_id_35
1511464226.106202,event_id_123456
1511464226.107174,event_id_35
1511464226.1072,event_id_123456
1511464226.10811,event_id_35
1511464226.108175,event_id_123456
1511464226.109158,event_id_35
1511464226.109192,event_id_123456
1511464226.110178,event_id_35
1511464226.110201,event_id_123456
1511464226.111086,event_id_35
1511464226.111111,event_id_123456
1511464226.112066,event_id_36
1511464226.112092,event_id_123456
1511464226.113388,event_id_36
1511464226.11342,event_id_123456
1511464226.1143,event_id_36
1511464226.114331,event_id_123456
1511464226.115306,event_id_36
1511464226.115333,event_id_123456
1511464226.116296,event_id_36
1511464226.116324,event_id_123456
1511464226.117366,event_id_36
1511464226.117393,event_id_123456
1511464226.118291,event_id_36
1511464226.118317,event_id_123456
1511464226.119171,event_id_36
1511464226.1192,event_id_123456
1511464226.120173,event_id_36
1511464226.120196,event_id_123456
1511464226.121139,event_id_36
1511464226.121169,event_id_123456
1511464226.12224,event_id_36
1511464226.122268,event_id_123456
1511464226.123186,event_id_36
1511464226.123214,event_id_123456
1511464226.124096,event_id_36
1511464226.124122,event_id_123456
1511464226.12506,event_id_36
1511464226.125084,event_id_123456
1511464226.125917,event_id_36
1511464226.12594,event_id_123456
1511464226.126858,event_id_36
1511464226.126883,event_id_123456
1511464226.127782,event_id_36
1511464226.127816,event_id_123456
1511464226.128738,event_id_36
1511464226.128763,event_id_123456
1511464226.129698,event_id_36
1511464226.129727,event_id_123456
1511464226.130795,event_id_36
1511464226.130818,event_id_123456
1511464226.13204,event_id_37
1511464226.132067,event_id_123456
1511464226.133232,event_id_37
1511464226.133262,event_id_123456
1511464226.134182,event_id_37
1511464226.13421,event_id_123456
1511464226.13514,event_id_37
1511464226.135166,event_id_123456
1511464226.136173,event_id_37
1511464226.1362,event_id_123456
1511464226.137662,event_id_37
1511464226.137692,event_id_123456
1511464226.138577,event_id_37
1511464226.138595,event_id_123456
1511464226.139485,event_id_37
1511464226.139512,event_id_123456
1511464226.140478,event_id_37
1511464226.140498,event_id_123456
1511464226.141435,event_id_37
1511464226.141462,event_id_123456
1511464226.142355,event_id_37
1511464226.142383,event_id_123456
1511464226.143333,event_id_37
1511464226.14336,event_id_123456
1511464226.144306,event_id_37
1511464226.144332,event_id_123456
1511464226.145284,event_id_37
1511464226.145313,event_id_123456
1511464226.146714,event_id_37
1511464226.146739,event_id_123456
1511464226.147738,event_id_37
1511464226.147767,event_id_123456
1511464226.14873,event_id_37
1511464226.148758,event_id_123456
1511464226.149705,event_id_37
1511464226.149732,event_id_123456
1511464226.150717,event_id_37
1511464226.150756,event_id_123456
1511464226.151579,event_id_37
1511464226.151606,event_id_123456
1511464226.152488,event_id_38
1511464226.152514,event_id_123456
1511464226.153456,event_id_38
1511464226.153485,event_id_123456
1511464226.154397,event_id_38
1511464226.154426,event_id_123456
1511464226.155322,event_id_38
1511464226.155355,event_id_123456
1511464226.156294,event_id_38
1511464226.156325,event_id_123456
1511464226.157206,event_id_38
1511464226.157233,event_id_123456
1511464226.158205,event_id_38
1511464226.158235,event_id_123456
1511464226.159216,event_id_38
1511464226.159246,event_id_123456
1511464226.160126,event_id_38
1511464226.160146,event_id_123456
1511464226.161052,event_id_38
1511464226.161076,event_id_123456
1511464226.162022,event_id_38
1511464226.162052,event_id_123456
1511464226.163037,event_id_38
1511464226.163066,event_id_123456
1511464226.163966,event_id_38
1511464226.163994,event_id_123456
1511464226.164985,event_id_38
1511464226.165006,event_id_123456
1511464226.165934,event_id_38
1511464226.165961,event_id_123456
1511464226.166893,event_id_38
1511464226.166919,event_id_123456
1511464226.167895,event_id_38
1511464226.167923,event_id_123456
1511464226.168789,event_id_38
1511464226.168814,event_id_123456
1511464226.169685,event_id_38
1511464226.169712,event_id_123456
1511464226.170666,event_id_38
1511464226.170686,event_id_123456
1511464226.171654,event_id_39
1511464226.171682,event_id_123456
1511464226.172653,event_id_39
1511464226.172681,event_id_123456
1511464226.173594,event_id_39
1511464226.173624,event_id_123456
1511464226.174535,event_id_39
1511464226.17456,event_id_123456
1511464226.175451,event_id_39
1511464226.175478,event_id_123456
1511464226.176355,event_id_39
1511464226.176382,event_id_123456
1511464226.177362,event_id_39
1511464226.177388,event_id_123456
1511464226.178334,event_id_39
1511464226.178359,event_id_123456
1511464226.17921,event_id_39
1511464226.179237,event_id_123456
1511464226.180116,event_id_39
1511464226.180142,event_id_123456
1511464226.181065,event_id_39
1511464226.181093,event_id_123456
1511464226.182134,event_id_39
1511464226.182162,event_id_123456
1511464226.183143,event_id_39
1511464226.18317,event_id_123456
1511464226.184057,event_id_39
1511464226.184085,event_id_123456
1511464226.184989,event_id_39
1511464226.185015,event_id_123456
1511464226.18593,event_id_39
1511464226.185959,event_id_123456
1511464226.186928,event_id_39
1511464226.186956,event_id_123456
1511464226.18788,event_id_39
1511464226.187906,event_id_123456
1511464226.188798,event_id_39
1511464226.188823,event_id_123456
1511464226.189725,event_id_39
1511464226.189754,event_id_123456
1511464226.190641,event_id_40
1511464226.190669,event_id_123456
1511464226.19162,event_id_40
1511464226.191646,event_id_123456
1511464226.192796,event_id_40
1511464226.192828,event_id_123456
1511464226.193745,event_id_40
1511464226.193772,event_id_123456
1511464226.194681,event_id_40
1511464226.194711,event_id_123456
1511464226.195783,event_id_40
1511464226.195822,event_id_123456
1511464226.197093,event_id_40
1511464226.197114,event_id_123456
1511464226.198009,event_id_40
1511464226.198042,event_id_123456
1511464226.199148,event_id_40
1511464226.199176,event_id_123456
1511464226.200133,event_id_40
1511464226.200161,event_id_123456
1511464226.201054,event_id_40
1511464226.201075,event_id_123456
1511464226.201957,event_id_40
1511464226.201982,event_id_123456
1511464226.202968,event_id_40
1511464226.20299,event_id_123456
1511464226.203845,event_id_40
1511464226.20388,event_id_123456
1511464226.204805,event_id_40
1511464226.204833,event_id_123456
1511464226.205802,event_id_40
1511464226.205822,event_id_123456
1511464226.206767,event_id_40
1511464226.206794,event_id_123456
1511464226.207739,event_id_40
1511464226.207764,event_id_123456
1511464226.2087,event_id_40
1511464226.208725,event_id_123456
1511464226.209623,event_id_40
1511464226.209651,event_id_123456
1511464226.210558,event_id_41
1511464226.210581,event_id_123456
1511464226.211644,event_id_41
1511464226.211673,event_id_123456
1511464226.212596,event_id_41
1511464226.212623,event_id_123456
1511464226.213554,event_id_41
1511464226.213581,event_id_123456
1511464226.214527,event_id_41
1511464226.214557,event_id_123456
1511464226.21561,event_id_41
1511464226.215638,event_id_123456
1511464226.216611,event_id_41
1511464226.21664,event_id_123456
1511464226.21765,event_id_41
1511464226.217678,event_id_123456
1511464226.218657,event_id_41
1511464226.218683,event_id_123456
1511464226.219564,event_id_41
1511464226.219592,event_id_123456
1511464226.220549,event_id_41
1511464226.220577,event_id_123456
1511464226.221624,event_id_41
1511464226.221667,event_id_123456
1511464226.222897,event_id_41
1511464226.22292,event_id_123456
1511464226.223857,event_id_41
1511464226.223886,event_id_123456
1511464226.22486,event_id_41
1511464226.22488,event_id_123456
1511464226.225722,event_id_41
1511464226.225741,event_id_123456
1511464226.226644,event_id_41
1511464226.226671,event_id_123456
1511464226.227576,event_id_41
1511464226.227602,event_id_123456
1511464226.228527,event_id_41
1511464226.228555,event_id_123456
1511464226.229494,event_id_41
1511464226.229526,event_id_123456
1511464226.230895,event_id_42
1511464226.230931,event_id_123456
1511464226.232029,event_id_42
1511464226.232059,event_id_123456
1511464226.232961,event_id_42
1511464226.232993,event_id_123456
1511464226.233966,event_id_42
1511464226.233991,event_id_123456
1511464226.234892,event_id_42
1511464226.23492,event_id_123456
1511464226.235786,event_id_42
1511464226.235812,event_id_123456
1511464226.236751,event_id_42
1511464226.23678,event_id_123456
1511464226.237687,event_id_42
1511464226.237713,event_id_123456
1511464226.238646,event_id_42
1511464226.238667,event_id_123456
1511464226.239607,event_id_42
1511464226.239638,event_id_123456
1511464226.240615,event_id_42
1511464226.240645,event_id_123456
1511464226.241457,event_id_42
1511464226.24148,event_id_123456
1511464226.242343,event_id_42
1511464226.24236,event_id_123456
1511464226.24315,event_id_42
1511464226.243167,event_id_123456
1511464226.243913,event_id_42
1511464226.243928,event_id_123456
